[{"model": "posts.tag", "pk": 1, "fields": {"title": "футбол"}}, {"model": "posts.tag", "pk": 2, "fields": {"title": "кино"}}, {"model": "posts.tag", "pk": 3, "fields": {"title": "технологии"}}, {"model": "posts.tag", "pk": 4, "fields": {"title": "знаменитости"}}, {"model": "posts.tag", "pk": 5, "fields": {"title": "стиль"}}, {"model": "posts.tag", "pk": 6, "fields": {"title": "финансы"}}, {"model": "posts.tag", "pk": 7, "fields": {"title": "спорт"}}, {"model": "posts.tag", "pk": 8, "fields": {"title": "культура"}}, {"model": "posts.tag", "pk": 9, "fields": {"title": "наука"}}, {"model": "posts.tag", "pk": 10, "fields": {"title": "путешествия"}}, {"model": "posts.tag", "pk": 11, "fields": {"title": "авто"}}, {"model": "posts.tag", "pk": 12, "fields": {"title": "политика"}}, {"model": "posts.tag", "pk": 13, "fields": {"title": "еда"}}, {"model": "posts.tag", "pk": 14, "fields": {"title": "юмор"}}, {"model": "posts.tag", "pk": 15, "fields": {"title": "компьютерные игры"}}, {"model": "posts.tag", "pk": 16, "fields": {"title": "музыка"}}, {"model": "posts.tag", "pk": 17, "fields": {"title": "ремонт"}}, {"model": "posts.tag", "pk": 18, "fields": {"title": "история"}}, {"model": "posts.tag", "pk": 19, "fields": {"title": "рецепты"}}, {"model": "posts.tag", "pk": 20, "fields": {"title": "девушки"}}, {"model": "posts.tag", "pk": 21, "fields": {"title": "интересные факты"}}, {"model": "posts.tag", "pk": 22, "fields": {"title": "саморазвитие"}}, {"model": "posts.tag", "pk": 23, "fields": {"title": "животные"}}, {"model": "posts.tag", "pk": 24, "fields": {"title": "красота"}}, {"model": "posts.tag", "pk": 25, "fields": {"title": "дети"}}, {"model": "posts.tag", "pk": 26, "fields": {"title": "космос"}}, {"model": "posts.tag", "pk": 27, "fields": {"title": "фантастика"}}, {"model": "posts.tag", "pk": 28, "fields": {"title": "искусство"}}, {"model": "posts.tag", "pk": 29, "fields": {"title": "кошки"}}, {"model": "posts.tag", "pk": 30, "fields": {"title": "книги"}}, {"model": "posts.tag", "pk": 31, "fields": {"title": "android"}}, {"model": "posts.tag", "pk": 32, "fields": {"title": "apple"}}, {"model": "posts.tag", "pk": 33, "fields": {"title": "стихи"}}, {"model": "posts.tag", "pk": 34, "fields": {"title": "полезные советы"}}, {"model": "posts.tag", "pk": 35, "fields": {"title": "россия"}}, {"model": "posts.post", "pk": 5, "fields": {"title": "2067: Петля времени", "pub_date": "2021-04-20T22:21:39.843Z", "text": "2067 год. Люди окончательно загубили экологию и теперь задыхаются - исчезли животные и растения, планета окутана плотными слоями смога. Из-за искусственного кислорода у некоторых развивается неподдающаяся лечению болезнь. Простой техник Итайн Уайт готов на всё, лишь бы помочь больной жене. Неожиданно корпорация, где когда-то работал его отец-физик, получает сообщение из будущего: «Отправьте Итана Уайта». Парень становится последней надеждой человечества.", "tags": 2}}, {"model": "posts.post", "pk": 15, "fields": {"title": "Пиксели", "pub_date": "2021-04-20T22:57:58.465Z", "text": "Очередное вторжение инопланетян на Землю... Вы скажете: «Что может быть банальнее?!». Да, если бы на этот раз они не предстали в виде героев вселенски популярных компьютерных игр. Сражаться с пришельцами призвана команда бывших геймеров, в числе которых: Президент Соединенных Штатов Америки; карлик-зэк, большой ценитель прекрасного пола; зануда-параноик, свято верящий в теорию вселенского заговора; профессиональный неудачник и циник, в детстве подававший большие надежды. А помогает новоиспеченным героям очаровательная ученая фея.", "tags": 2}}, {"model": "posts.post", "pk": 16, "fields": {"title": "Доктор Стрэндж", "pub_date": "2021-04-20T23:06:31.981Z", "text": "Страшная автокатастрофа поставила крест на карьере успешного нейрохирурга Доктора Стрэнджа. Отчаявшись, он отправляется в путешествие в поисках исцеления и открывает в себе невероятные способности к трансформации пространства и времени. Теперь он - связующее звено между параллельными измерениями, а его миссия - защищать жителей Земли и противодействовать Злу, какое бы обличие оно ни принимало.", "tags": 2}}, {"model": "posts.post", "pk": 20, "fields": {"title": "«Ман Сити» осталось набрать 8 очков в 5 матчах, чтобы стать чемпионом Англии", "pub_date": "2021-04-22T00:05:11.081Z", "text": "«Манчестер Сити» обыграл «Астон Виллу» (2:1) в матче 32-го тура Премьер-лиги.\r\n\r\nЧтобы гарантировать себе итоговую победу в Премьер-лиге, «горожанам» осталось набрать 8 очков в 5 заключительных играх.\r\n\r\nВ таком случае «Ман Сити» станет чемпионом вне зависимости от результатов конкурентов.\r\n\r\nКоманда Пепа Гвардиолы на 11 очков опережает «Манчестер Юнайтед», у которого матч в запасе. «Лестер», проведя на две игры меньше, отстает от «Сити» на 21 очко, «Челси» и «Вест Хэм» при двух матчах в запасе – на 22.\r\n\r\n«Манчестер Сити» шесть раз становился чемпионом Англии (1936/37, 1967/68, 2011/12, 2013/14, 2017/18, 2018/19).\r\n\r\nУ «Сити» в АПЛ остались матчи с «Кристал Пэлас» (на выезде), «Челси» (дома), «Ньюкаслом», «Брайтоном» (оба – на выезде) и «Эвертоном» (дома).", "tags": 1}}, {"model": "posts.post", "pk": 21, "fields": {"title": "«Реал» не бил пенальти в Ла Лиге 25 матчей подряд. Такого не было 47 лет", "pub_date": "2021-04-22T00:06:10.399Z", "text": "«Реал» громит «Кадис» в матче 31-го тура чемпионата Испании (3:0, второй тайм).\r\n\r\nСчет открыл на 30-й минуте нападающий мадридской команды Карим Бензема, реализовавший пенальти.\r\n\r\n«Реал» получил возможность пробить с 11-метровой отметки в Ла Лиге впервые с 24 октября прошлого года. Тогда Серхио Рамос забил с точки в игре с «Барселоной» на «Камп Ноу» (3:1).\r\n\r\n«Мадрид» не бил пенальти в чемпионате 25 матчей подряд. Это самая продолжительная серия для клуба в Ла Лиге с 1974 года.\r\n\r\nГлавным арбитром матча «Кадис» – «Реал» работает Антонио Мигель Матеу Лаос", "tags": 1}}, {"model": "posts.post", "pk": 22, "fields": {"title": "Бензема догнал Роналду и Рауля по голевым передачам за «Реал» (по 116). Это лучший результат за 25 лет", "pub_date": "2021-04-22T00:07:11.805Z", "text": "«Реал» разгромил «Кадис» в матче 31-го тура чемпионата Испании (3:0).\r\n\r\nНападающий мадридского клуба Карим Бензема сделал дубль и отдал голевую передачу Альваро Одриосоле.\r\n\r\nЗа все время выступлений за «Реал» француз поучаствовал в 392 голах команды: 276 забитых мячей и 116 передач.\r\n\r\nПо количеству голевых передач за «Реал» Бензема догнал Рауля и Криштиану Роналду (у всех по 116). Это лучший результат клуба за последние 25 лет.", "tags": 1}}, {"model": "posts.post", "pk": 23, "fields": {"title": "В NASA заявили, что впервые получили кислород на Марсе с помощью установки на планетоходе", "pub_date": "2021-04-22T00:08:46.209Z", "text": "Специалисты Национального управления США по аэронавтике и исследованию космического пространства (NASA) впервые получили кислород из атмосферы Марса с помощью устройства, установленного на борту планетохода Perseverance (\"Настойчивость\").", "tags": 9}}, {"model": "posts.post", "pk": 24, "fields": {"title": "Компания Apple представила новый планшет iPad Pro на платформе Apple M1", "pub_date": "2021-04-22T00:09:46.284Z", "text": "20 апреля компания Apple представила свои новинки пользователям. Новый iPad Pro получил: Чип Apple M1, такое решение позволило значительно повысить энергоэффективность устройства. По сравнению с оригинальной моделью, новый быстрее на 750%", "tags": 32}}, {"model": "posts.post", "pk": 25, "fields": {"title": "Первые летные испытания вертолета NASA начались на Марсе", "pub_date": "2021-04-22T00:10:23.265Z", "text": "На Марсе начались летные испытания вертолета Ingenuity. Об этом сообщили в Twitter Национального управления США по аэронавтике и исследованию космического пространства (NASА).", "tags": 3}}, {"model": "posts.post", "pk": 26, "fields": {"title": "Квантовое устройство улучшило оптоволоконную связь", "pub_date": "2021-04-22T00:11:03.756Z", "text": "В волоконно-оптических сетях приемники «ловят» оптические сигналы и преобразуют их в электрические.", "tags": 9}}, {"model": "posts.post", "pk": 27, "fields": {"title": "Зонд Parker впервые заснял околосолнечное пылевое кольцо около орбиты Венеры", "pub_date": "2021-04-22T00:11:40.196Z", "text": "Астрономы впервые получили полное изображение околосолнечного пылевого кольца, находящегося вдоль орбиты Венеры. Как сообщается, серию кадров сделал прибор WISPR, находящийся на борту зонда Parker.", "tags": 26}}, {"model": "posts.post", "pk": 30, "fields": {"title": "Хакерская группировка REvil украла разработки Apple и требует выкуп в 50 млн долларов", "pub_date": "2021-04-22T00:14:00.328Z", "text": "Хакеры из группировки REvil совершили атаку на контрактного производителя электроники Apple, компанию Quanta Computer. В результате злоумышленники незаконно завладели чертежами ноутбуков бренда и многими другими конфиденциальными данными компании Apple, об этом стало известно «Evo-rus.com». Злоумышленники уже разместили в Сети вышеупомянутые чертежи, полученные хакерами путем взлома серверов Quanta Computer за счет уязвимости в Microsoft Exchange Server.", "tags": 32}}, {"model": "posts.comment", "pk": 48, "fields": {"post": 16, "text": "test", "created": "2021-04-22T00:04:00.031Z"}}, {"model": "posts.comment", "pk": 49, "fields": {"post": 16, "text": "test 2", "created": "2021-04-22T00:04:05.214Z"}}, {"model": "posts.comment", "pk": 50, "fields": {"post": 20, "text": "111", "created": "2021-04-22T00:05:24.151Z"}}, {"model": "posts.comment", "pk": 51, "fields": {"post": 22, "text": "ffgdfsg", "created": "2021-04-22T00:07:22.527Z"}}, {"model": "posts.comment", "pk": 52, "fields": {"post": 30, "text": "test", "created": "2021-04-22T00:14:21.925Z"}}, {"model": "posts.comment", "pk": 53, "fields": {"post": 30, "text": "test 2", "created": "2021-04-22T00:14:30.035Z"}}, {"model": "admin.logentry", "pk": 1, "fields": {"action_time": "2021-04-20T21:46:24.885Z", "user": 1, "content_type": 1, "object_id": "1", "object_repr": "Футбол", "action_flag": 1, "change_message": "[{\"added\": {}}]"}}, {"model": "admin.logentry", "pk": 2, "fields": {"action_time": "2021-04-20T21:47:05.516Z", "user": 1, "content_type": 2, "object_id": "1", "object_repr": "Манчестер Юнайтед", "action_flag": 2, "change_message": "[]"}}, {"model": "admin.logentry", "pk": 3, "fields": {"action_time": "2021-04-20T22:02:39.124Z", "user": 1, "content_type": 2, "object_id": "1", "object_repr": "Манчестер Юнайтед", "action_flag": 2, "change_message": "[]"}}, {"model": "admin.logentry", "pk": 4, "fields": {"action_time": "2021-04-20T22:06:03.603Z", "user": 1, "content_type": 1, "object_id": "2", "object_repr": "Кино", "action_flag": 1, "change_message": "[{\"added\": {}}]"}}, {"model": "admin.logentry", "pk": 5, "fields": {"action_time": "2021-04-20T23:11:48.552Z", "user": 1, "content_type": 1, "object_id": "3", "object_repr": "Технологии", "action_flag": 1, "change_message": "[{\"added\": {}}]"}}, {"model": "admin.logentry", "pk": 6, "fields": {"action_time": "2021-04-20T23:12:01.599Z", "user": 1, "content_type": 1, "object_id": "4", "object_repr": "Знаменитости", "action_flag": 1, "change_message": "[{\"added\": {}}]"}}, {"model": "admin.logentry", "pk": 7, "fields": {"action_time": "2021-04-20T23:12:12.496Z", "user": 1, "content_type": 1, "object_id": "5", "object_repr": "Стиль", "action_flag": 1, "change_message": "[{\"added\": {}}]"}}, {"model": "admin.logentry", "pk": 8, "fields": {"action_time": "2021-04-20T23:12:29.853Z", "user": 1, "content_type": 1, "object_id": "6", "object_repr": "Финансы", "action_flag": 1, "change_message": "[{\"added\": {}}]"}}, {"model": "admin.logentry", "pk": 9, "fields": {"action_time": "2021-04-20T23:12:46.624Z", "user": 1, "content_type": 1, "object_id": "7", "object_repr": "Спорт", "action_flag": 1, "change_message": "[{\"added\": {}}]"}}, {"model": "admin.logentry", "pk": 10, "fields": {"action_time": "2021-04-20T23:12:56.444Z", "user": 1, "content_type": 1, "object_id": "8", "object_repr": "Культура", "action_flag": 1, "change_message": "[{\"added\": {}}]"}}, {"model": "admin.logentry", "pk": 11, "fields": {"action_time": "2021-04-20T23:13:05.402Z", "user": 1, "content_type": 1, "object_id": "8", "object_repr": "культура", "action_flag": 2, "change_message": "[{\"changed\": {\"fields\": [\"\\u041d\\u0430\\u0437\\u0432\\u0430\\u043d\\u0438\\u0435 \\u0442\\u044d\\u0433\\u0430\"]}}]"}}, {"model": "admin.logentry", "pk": 12, "fields": {"action_time": "2021-04-20T23:13:09.183Z", "user": 1, "content_type": 1, "object_id": "7", "object_repr": "спорт", "action_flag": 2, "change_message": "[{\"changed\": {\"fields\": [\"\\u041d\\u0430\\u0437\\u0432\\u0430\\u043d\\u0438\\u0435 \\u0442\\u044d\\u0433\\u0430\"]}}]"}}, {"model": "admin.logentry", "pk": 13, "fields": {"action_time": "2021-04-20T23:13:12.392Z", "user": 1, "content_type": 1, "object_id": "6", "object_repr": "финансы", "action_flag": 2, "change_message": "[{\"changed\": {\"fields\": [\"\\u041d\\u0430\\u0437\\u0432\\u0430\\u043d\\u0438\\u0435 \\u0442\\u044d\\u0433\\u0430\"]}}]"}}, {"model": "admin.logentry", "pk": 14, "fields": {"action_time": "2021-04-20T23:13:16.617Z", "user": 1, "content_type": 1, "object_id": "5", "object_repr": "стиль", "action_flag": 2, "change_message": "[{\"changed\": {\"fields\": [\"\\u041d\\u0430\\u0437\\u0432\\u0430\\u043d\\u0438\\u0435 \\u0442\\u044d\\u0433\\u0430\"]}}]"}}, {"model": "admin.logentry", "pk": 15, "fields": {"action_time": "2021-04-20T23:13:21.205Z", "user": 1, "content_type": 1, "object_id": "4", "object_repr": "знаменитости", "action_flag": 2, "change_message": "[{\"changed\": {\"fields\": [\"\\u041d\\u0430\\u0437\\u0432\\u0430\\u043d\\u0438\\u0435 \\u0442\\u044d\\u0433\\u0430\"]}}]"}}, {"model": "admin.logentry", "pk": 16, "fields": {"action_time": "2021-04-20T23:13:25.047Z", "user": 1, "content_type": 1, "object_id": "3", "object_repr": "технологии", "action_flag": 2, "change_message": "[{\"changed\": {\"fields\": [\"\\u041d\\u0430\\u0437\\u0432\\u0430\\u043d\\u0438\\u0435 \\u0442\\u044d\\u0433\\u0430\"]}}]"}}, {"model": "admin.logentry", "pk": 17, "fields": {"action_time": "2021-04-20T23:13:30.755Z", "user": 1, "content_type": 1, "object_id": "2", "object_repr": "кино", "action_flag": 2, "change_message": "[{\"changed\": {\"fields\": [\"\\u041d\\u0430\\u0437\\u0432\\u0430\\u043d\\u0438\\u0435 \\u0442\\u044d\\u0433\\u0430\"]}}]"}}, {"model": "admin.logentry", "pk": 18, "fields": {"action_time": "2021-04-20T23:13:35.014Z", "user": 1, "content_type": 1, "object_id": "1", "object_repr": "футбол", "action_flag": 2, "change_message": "[{\"changed\": {\"fields\": [\"\\u041d\\u0430\\u0437\\u0432\\u0430\\u043d\\u0438\\u0435 \\u0442\\u044d\\u0433\\u0430\"]}}]"}}, {"model": "admin.logentry", "pk": 19, "fields": {"action_time": "2021-04-20T23:13:44.850Z", "user": 1, "content_type": 1, "object_id": "9", "object_repr": "наука", "action_flag": 1, "change_message": "[{\"added\": {}}]"}}, {"model": "admin.logentry", "pk": 20, "fields": {"action_time": "2021-04-20T23:13:52.389Z", "user": 1, "content_type": 1, "object_id": "10", "object_repr": "путешествия", "action_flag": 1, "change_message": "[{\"added\": {}}]"}}, {"model": "admin.logentry", "pk": 21, "fields": {"action_time": "2021-04-20T23:14:06.612Z", "user": 1, "content_type": 1, "object_id": "11", "object_repr": "авто", "action_flag": 1, "change_message": "[{\"added\": {}}]"}}, {"model": "admin.logentry", "pk": 22, "fields": {"action_time": "2021-04-20T23:14:14.303Z", "user": 1, "content_type": 1, "object_id": "12", "object_repr": "политика", "action_flag": 1, "change_message": "[{\"added\": {}}]"}}, {"model": "admin.logentry", "pk": 23, "fields": {"action_time": "2021-04-20T23:14:22.555Z", "user": 1, "content_type": 1, "object_id": "13", "object_repr": "еда", "action_flag": 1, "change_message": "[{\"added\": {}}]"}}, {"model": "admin.logentry", "pk": 24, "fields": {"action_time": "2021-04-20T23:14:29.729Z", "user": 1, "content_type": 1, "object_id": "14", "object_repr": "юмор", "action_flag": 1, "change_message": "[{\"added\": {}}]"}}, {"model": "admin.logentry", "pk": 25, "fields": {"action_time": "2021-04-20T23:14:37.856Z", "user": 1, "content_type": 1, "object_id": "15", "object_repr": "компьютерные игры", "action_flag": 1, "change_message": "[{\"added\": {}}]"}}, {"model": "admin.logentry", "pk": 26, "fields": {"action_time": "2021-04-20T23:14:44.591Z", "user": 1, "content_type": 1, "object_id": "16", "object_repr": "музыка", "action_flag": 1, "change_message": "[{\"added\": {}}]"}}, {"model": "admin.logentry", "pk": 27, "fields": {"action_time": "2021-04-20T23:14:51.298Z", "user": 1, "content_type": 1, "object_id": "17", "object_repr": "ремонт", "action_flag": 1, "change_message": "[{\"added\": {}}]"}}, {"model": "admin.logentry", "pk": 28, "fields": {"action_time": "2021-04-20T23:14:58.384Z", "user": 1, "content_type": 1, "object_id": "18", "object_repr": "история", "action_flag": 1, "change_message": "[{\"added\": {}}]"}}, {"model": "admin.logentry", "pk": 29, "fields": {"action_time": "2021-04-20T23:15:05.173Z", "user": 1, "content_type": 1, "object_id": "19", "object_repr": "рецепты", "action_flag": 1, "change_message": "[{\"added\": {}}]"}}, {"model": "admin.logentry", "pk": 30, "fields": {"action_time": "2021-04-20T23:15:11.969Z", "user": 1, "content_type": 1, "object_id": "20", "object_repr": "девушки", "action_flag": 1, "change_message": "[{\"added\": {}}]"}}, {"model": "admin.logentry", "pk": 31, "fields": {"action_time": "2021-04-20T23:15:19.613Z", "user": 1, "content_type": 1, "object_id": "21", "object_repr": "интересные факты", "action_flag": 1, "change_message": "[{\"added\": {}}]"}}, {"model": "admin.logentry", "pk": 32, "fields": {"action_time": "2021-04-20T23:15:28.168Z", "user": 1, "content_type": 1, "object_id": "22", "object_repr": "саморазвитие", "action_flag": 1, "change_message": "[{\"added\": {}}]"}}, {"model": "admin.logentry", "pk": 33, "fields": {"action_time": "2021-04-20T23:15:34.877Z", "user": 1, "content_type": 1, "object_id": "23", "object_repr": "животные", "action_flag": 1, "change_message": "[{\"added\": {}}]"}}, {"model": "admin.logentry", "pk": 34, "fields": {"action_time": "2021-04-20T23:15:41.717Z", "user": 1, "content_type": 1, "object_id": "24", "object_repr": "красота", "action_flag": 1, "change_message": "[{\"added\": {}}]"}}, {"model": "admin.logentry", "pk": 35, "fields": {"action_time": "2021-04-20T23:15:48.210Z", "user": 1, "content_type": 1, "object_id": "25", "object_repr": "дети", "action_flag": 1, "change_message": "[{\"added\": {}}]"}}, {"model": "admin.logentry", "pk": 36, "fields": {"action_time": "2021-04-20T23:15:54.306Z", "user": 1, "content_type": 1, "object_id": "26", "object_repr": "космос", "action_flag": 1, "change_message": "[{\"added\": {}}]"}}, {"model": "admin.logentry", "pk": 37, "fields": {"action_time": "2021-04-20T23:16:01.674Z", "user": 1, "content_type": 1, "object_id": "27", "object_repr": "фантастика", "action_flag": 1, "change_message": "[{\"added\": {}}]"}}, {"model": "admin.logentry", "pk": 38, "fields": {"action_time": "2021-04-20T23:16:09.432Z", "user": 1, "content_type": 1, "object_id": "28", "object_repr": "искусство", "action_flag": 1, "change_message": "[{\"added\": {}}]"}}, {"model": "admin.logentry", "pk": 39, "fields": {"action_time": "2021-04-20T23:16:17.117Z", "user": 1, "content_type": 1, "object_id": "29", "object_repr": "кошки", "action_flag": 1, "change_message": "[{\"added\": {}}]"}}, {"model": "admin.logentry", "pk": 40, "fields": {"action_time": "2021-04-20T23:16:27.911Z", "user": 1, "content_type": 1, "object_id": "30", "object_repr": "книги", "action_flag": 1, "change_message": "[{\"added\": {}}]"}}, {"model": "admin.logentry", "pk": 41, "fields": {"action_time": "2021-04-20T23:16:38.096Z", "user": 1, "content_type": 1, "object_id": "31", "object_repr": "android", "action_flag": 1, "change_message": "[{\"added\": {}}]"}}, {"model": "admin.logentry", "pk": 42, "fields": {"action_time": "2021-04-20T23:16:44.902Z", "user": 1, "content_type": 1, "object_id": "32", "object_repr": "apple", "action_flag": 1, "change_message": "[{\"added\": {}}]"}}, {"model": "admin.logentry", "pk": 43, "fields": {"action_time": "2021-04-20T23:16:51.479Z", "user": 1, "content_type": 1, "object_id": "33", "object_repr": "стихи", "action_flag": 1, "change_message": "[{\"added\": {}}]"}}, {"model": "admin.logentry", "pk": 44, "fields": {"action_time": "2021-04-20T23:16:58.766Z", "user": 1, "content_type": 1, "object_id": "34", "object_repr": "полезные советы", "action_flag": 1, "change_message": "[{\"added\": {}}]"}}, {"model": "admin.logentry", "pk": 45, "fields": {"action_time": "2021-04-20T23:17:05.040Z", "user": 1, "content_type": 1, "object_id": "35", "object_repr": "россия", "action_flag": 1, "change_message": "[{\"added\": {}}]"}}, {"model": "admin.logentry", "pk": 46, "fields": {"action_time": "2021-04-22T00:03:08.337Z", "user": 1, "content_type": 3, "object_id": "47", "object_repr": "7777777 on 2021-04-22 00:02:47.610728+00:00", "action_flag": 3, "change_message": ""}}, {"model": "admin.logentry", "pk": 47, "fields": {"action_time": "2021-04-22T00:03:08.344Z", "user": 1, "content_type": 3, "object_id": "46", "object_repr": "666666 on 2021-04-22 00:02:26.841204+00:00", "action_flag": 3, "change_message": ""}}, {"model": "admin.logentry", "pk": 48, "fields": {"action_time": "2021-04-22T00:03:08.350Z", "user": 1, "content_type": 3, "object_id": "45", "object_repr": "Доктор Стрэндж on 2021-04-22 00:02:02.349252+00:00", "action_flag": 3, "change_message": ""}}, {"model": "admin.logentry", "pk": 49, "fields": {"action_time": "2021-04-22T00:03:08.357Z", "user": 1, "content_type": 3, "object_id": "44", "object_repr": "Доктор Стрэндж on 2021-04-22 00:01:45.523363+00:00", "action_flag": 3, "change_message": ""}}, {"model": "admin.logentry", "pk": 50, "fields": {"action_time": "2021-04-22T00:03:08.365Z", "user": 1, "content_type": 3, "object_id": "43", "object_repr": "Пиксели on 2021-04-21 23:39:16.543360+00:00", "action_flag": 3, "change_message": ""}}, {"model": "admin.logentry", "pk": 51, "fields": {"action_time": "2021-04-22T00:03:08.372Z", "user": 1, "content_type": 3, "object_id": "42", "object_repr": "Пиксели on 2021-04-21 23:39:06.711599+00:00", "action_flag": 3, "change_message": ""}}, {"model": "admin.logentry", "pk": 52, "fields": {"action_time": "2021-04-22T00:03:08.379Z", "user": 1, "content_type": 3, "object_id": "41", "object_repr": "43545 on 2021-04-21 23:37:04.204571+00:00", "action_flag": 3, "change_message": ""}}, {"model": "admin.logentry", "pk": 53, "fields": {"action_time": "2021-04-22T00:03:08.386Z", "user": 1, "content_type": 3, "object_id": "40", "object_repr": "Доктор Стрэндж on 2021-04-21 23:33:45.650892+00:00", "action_flag": 3, "change_message": ""}}, {"model": "admin.logentry", "pk": 54, "fields": {"action_time": "2021-04-22T00:03:08.393Z", "user": 1, "content_type": 3, "object_id": "39", "object_repr": "43545 on 2021-04-21 23:32:17.621299+00:00", "action_flag": 3, "change_message": ""}}, {"model": "admin.logentry", "pk": 55, "fields": {"action_time": "2021-04-22T00:03:08.400Z", "user": 1, "content_type": 3, "object_id": "38", "object_repr": "43545 on 2021-04-21 23:32:15.070429+00:00", "action_flag": 3, "change_message": ""}}, {"model": "admin.logentry", "pk": 56, "fields": {"action_time": "2021-04-22T00:03:08.407Z", "user": 1, "content_type": 3, "object_id": "37", "object_repr": "Доктор Стрэндж on 2021-04-21 23:31:54.292335+00:00", "action_flag": 3, "change_message": ""}}, {"model": "admin.logentry", "pk": 57, "fields": {"action_time": "2021-04-22T00:03:08.415Z", "user": 1, "content_type": 3, "object_id": "36", "object_repr": "Доктор Стрэндж on 2021-04-21 23:31:46.831160+00:00", "action_flag": 3, "change_message": ""}}, {"model": "admin.logentry", "pk": 58, "fields": {"action_time": "2021-04-22T00:03:08.422Z", "user": 1, "content_type": 3, "object_id": "35", "object_repr": "Доктор Стрэндж on 2021-04-21 23:31:41.726065+00:00", "action_flag": 3, "change_message": ""}}, {"model": "admin.logentry", "pk": 59, "fields": {"action_time": "2021-04-22T00:03:08.430Z", "user": 1, "content_type": 3, "object_id": "34", "object_repr": "Доктор Стрэндж on 2021-04-21 23:31:37.464267+00:00", "action_flag": 3, "change_message": ""}}, {"model": "admin.logentry", "pk": 60, "fields": {"action_time": "2021-04-22T00:03:08.437Z", "user": 1, "content_type": 3, "object_id": "33", "object_repr": "Доктор Стрэндж on 2021-04-20 23:21:32.541183+00:00", "action_flag": 3, "change_message": ""}}, {"model": "admin.logentry", "pk": 61, "fields": {"action_time": "2021-04-22T00:03:08.444Z", "user": 1, "content_type": 3, "object_id": "32", "object_repr": "Доктор Стрэндж on 2021-04-20 23:21:23.901481+00:00", "action_flag": 3, "change_message": ""}}, {"model": "admin.logentry", "pk": 62, "fields": {"action_time": "2021-04-22T00:03:08.451Z", "user": 1, "content_type": 3, "object_id": "31", "object_repr": "Пиксели on 2021-04-20 22:58:16.045278+00:00", "action_flag": 3, "change_message": ""}}, {"model": "admin.logentry", "pk": 63, "fields": {"action_time": "2021-04-22T00:03:08.459Z", "user": 1, "content_type": 3, "object_id": "30", "object_repr": "Пиксели on 2021-04-20 22:58:10.149188+00:00", "action_flag": 3, "change_message": ""}}, {"model": "admin.logentry", "pk": 64, "fields": {"action_time": "2021-04-22T00:03:08.466Z", "user": 1, "content_type": 3, "object_id": "29", "object_repr": "Терминатор 3 on 2021-04-20 22:51:22.308133+00:00", "action_flag": 3, "change_message": ""}}, {"model": "admin.logentry", "pk": 65, "fields": {"action_time": "2021-04-22T00:03:08.473Z", "user": 1, "content_type": 3, "object_id": "28", "object_repr": "2067: Петля времени on 2021-04-20 22:51:06.931825+00:00", "action_flag": 3, "change_message": ""}}, {"model": "admin.logentry", "pk": 66, "fields": {"action_time": "2021-04-22T00:03:08.480Z", "user": 1, "content_type": 3, "object_id": "27", "object_repr": "2067: Петля времени on 2021-04-20 22:45:39.459591+00:00", "action_flag": 3, "change_message": ""}}, {"model": "admin.logentry", "pk": 67, "fields": {"action_time": "2021-04-22T00:03:08.487Z", "user": 1, "content_type": 3, "object_id": "26", "object_repr": "2067: Петля времени on 2021-04-20 22:45:35.862186+00:00", "action_flag": 3, "change_message": ""}}, {"model": "admin.logentry", "pk": 68, "fields": {"action_time": "2021-04-22T00:03:08.494Z", "user": 1, "content_type": 3, "object_id": "25", "object_repr": "2067: Петля времени on 2021-04-20 22:44:33.853254+00:00", "action_flag": 3, "change_message": ""}}, {"model": "admin.logentry", "pk": 69, "fields": {"action_time": "2021-04-22T00:03:08.501Z", "user": 1, "content_type": 3, "object_id": "24", "object_repr": "2067: Петля времени on 2021-04-20 22:44:30.338309+00:00", "action_flag": 3, "change_message": ""}}, {"model": "admin.logentry", "pk": 70, "fields": {"action_time": "2021-04-22T00:03:08.509Z", "user": 1, "content_type": 3, "object_id": "23", "object_repr": "2067: Петля времени on 2021-04-20 22:44:22.470578+00:00", "action_flag": 3, "change_message": ""}}, {"model": "admin.logentry", "pk": 71, "fields": {"action_time": "2021-04-22T00:03:08.517Z", "user": 1, "content_type": 3, "object_id": "22", "object_repr": "2067: Петля времени on 2021-04-20 22:44:18.186137+00:00", "action_flag": 3, "change_message": ""}}, {"model": "admin.logentry", "pk": 72, "fields": {"action_time": "2021-04-22T00:03:08.525Z", "user": 1, "content_type": 3, "object_id": "21", "object_repr": "2067: Петля времени on 2021-04-20 22:42:48.191223+00:00", "action_flag": 3, "change_message": ""}}, {"model": "admin.logentry", "pk": 73, "fields": {"action_time": "2021-04-22T00:03:08.533Z", "user": 1, "content_type": 3, "object_id": "20", "object_repr": "2067: Петля времени on 2021-04-20 22:42:39.095400+00:00", "action_flag": 3, "change_message": ""}}, {"model": "admin.logentry", "pk": 74, "fields": {"action_time": "2021-04-22T00:03:08.541Z", "user": 1, "content_type": 3, "object_id": "19", "object_repr": "2067: Петля времени on 2021-04-20 22:42:37.531461+00:00", "action_flag": 3, "change_message": ""}}, {"model": "admin.logentry", "pk": 75, "fields": {"action_time": "2021-04-22T00:03:08.548Z", "user": 1, "content_type": 3, "object_id": "18", "object_repr": "2067: Петля времени on 2021-04-20 22:22:50.823671+00:00", "action_flag": 3, "change_message": ""}}, {"model": "admin.logentry", "pk": 76, "fields": {"action_time": "2021-04-22T00:03:08.554Z", "user": 1, "content_type": 3, "object_id": "17", "object_repr": "2067: Петля времени on 2021-04-20 22:22:42.834173+00:00", "action_flag": 3, "change_message": ""}}, {"model": "admin.logentry", "pk": 77, "fields": {"action_time": "2021-04-22T00:03:08.561Z", "user": 1, "content_type": 3, "object_id": "16", "object_repr": "2067: Петля времени on 2021-04-20 22:22:38.694766+00:00", "action_flag": 3, "change_message": ""}}, {"model": "admin.logentry", "pk": 78, "fields": {"action_time": "2021-04-22T00:03:08.568Z", "user": 1, "content_type": 3, "object_id": "15", "object_repr": "Терминатор 3 on 2021-04-20 22:08:32.592305+00:00", "action_flag": 3, "change_message": ""}}, {"model": "admin.logentry", "pk": 79, "fields": {"action_time": "2021-04-22T00:03:08.576Z", "user": 1, "content_type": 3, "object_id": "14", "object_repr": "Терминатор 3 on 2021-04-20 22:08:30.265972+00:00", "action_flag": 3, "change_message": ""}}, {"model": "admin.logentry", "pk": 80, "fields": {"action_time": "2021-04-22T00:03:08.583Z", "user": 1, "content_type": 3, "object_id": "13", "object_repr": "Терминатор 3 on 2021-04-20 22:08:28.645959+00:00", "action_flag": 3, "change_message": ""}}, {"model": "admin.logentry", "pk": 81, "fields": {"action_time": "2021-04-22T00:03:08.590Z", "user": 1, "content_type": 3, "object_id": "12", "object_repr": "Терминатор 2 on 2021-04-20 22:07:25.073245+00:00", "action_flag": 3, "change_message": ""}}, {"model": "admin.logentry", "pk": 82, "fields": {"action_time": "2021-04-22T00:03:08.597Z", "user": 1, "content_type": 3, "object_id": "11", "object_repr": "Терминатор 2 on 2021-04-20 22:07:22.320674+00:00", "action_flag": 3, "change_message": ""}}, {"model": "admin.logentry", "pk": 83, "fields": {"action_time": "2021-04-22T00:03:08.604Z", "user": 1, "content_type": 3, "object_id": "10", "object_repr": "Терминатор 2 on 2021-04-20 22:07:10.779118+00:00", "action_flag": 3, "change_message": ""}}, {"model": "admin.logentry", "pk": 84, "fields": {"action_time": "2021-04-22T00:03:08.611Z", "user": 1, "content_type": 3, "object_id": "9", "object_repr": "Терминатор 2 on 2021-04-20 22:07:08.511160+00:00", "action_flag": 3, "change_message": ""}}, {"model": "admin.logentry", "pk": 85, "fields": {"action_time": "2021-04-22T00:03:08.617Z", "user": 1, "content_type": 3, "object_id": "8", "object_repr": "TEST on 2021-04-20 22:00:46.292197+00:00", "action_flag": 3, "change_message": ""}}, {"model": "admin.logentry", "pk": 86, "fields": {"action_time": "2021-04-22T00:03:08.623Z", "user": 1, "content_type": 3, "object_id": "7", "object_repr": "TEST on 2021-04-20 21:50:00.817059+00:00", "action_flag": 3, "change_message": ""}}, {"model": "admin.logentry", "pk": 87, "fields": {"action_time": "2021-04-22T00:03:08.629Z", "user": 1, "content_type": 3, "object_id": "6", "object_repr": "TEST on 2021-04-20 21:49:57.985287+00:00", "action_flag": 3, "change_message": ""}}, {"model": "admin.logentry", "pk": 88, "fields": {"action_time": "2021-04-22T00:03:08.636Z", "user": 1, "content_type": 3, "object_id": "5", "object_repr": "Манчестер Юнайтед on 2021-04-20 21:48:45.651522+00:00", "action_flag": 3, "change_message": ""}}, {"model": "admin.logentry", "pk": 89, "fields": {"action_time": "2021-04-22T00:03:08.642Z", "user": 1, "content_type": 3, "object_id": "4", "object_repr": "Манчестер Юнайтед on 2021-04-20 21:48:43.279484+00:00", "action_flag": 3, "change_message": ""}}, {"model": "admin.logentry", "pk": 90, "fields": {"action_time": "2021-04-22T00:03:08.648Z", "user": 1, "content_type": 3, "object_id": "3", "object_repr": "Манчестер Юнайтед on 2021-04-20 21:48:35.850439+00:00", "action_flag": 3, "change_message": ""}}, {"model": "admin.logentry", "pk": 91, "fields": {"action_time": "2021-04-22T00:03:08.654Z", "user": 1, "content_type": 3, "object_id": "2", "object_repr": "Манчестер Юнайтед on 2021-04-20 21:48:31.174087+00:00", "action_flag": 3, "change_message": ""}}, {"model": "admin.logentry", "pk": 92, "fields": {"action_time": "2021-04-22T00:03:08.661Z", "user": 1, "content_type": 3, "object_id": "1", "object_repr": "Манчестер Юнайтед on 2021-04-20 21:48:25.692071+00:00", "action_flag": 3, "change_message": ""}}, {"model": "admin.logentry", "pk": 93, "fields": {"action_time": "2021-04-22T00:03:34.261Z", "user": 1, "content_type": 2, "object_id": "19", "object_repr": "7777777", "action_flag": 3, "change_message": ""}}, {"model": "admin.logentry", "pk": 94, "fields": {"action_time": "2021-04-22T00:03:34.269Z", "user": 1, "content_type": 2, "object_id": "18", "object_repr": "666666", "action_flag": 3, "change_message": ""}}, {"model": "admin.logentry", "pk": 95, "fields": {"action_time": "2021-04-22T00:03:34.275Z", "user": 1, "content_type": 2, "object_id": "17", "object_repr": "43545", "action_flag": 3, "change_message": ""}}, {"model": "admin.logentry", "pk": 96, "fields": {"action_time": "2021-04-22T00:03:34.281Z", "user": 1, "content_type": 2, "object_id": "14", "object_repr": "аппааfghhgfh", "action_flag": 3, "change_message": ""}}, {"model": "admin.logentry", "pk": 97, "fields": {"action_time": "2021-04-22T00:03:34.288Z", "user": 1, "content_type": 2, "object_id": "13", "object_repr": "аппаа", "action_flag": 3, "change_message": ""}}, {"model": "admin.logentry", "pk": 98, "fields": {"action_time": "2021-04-22T00:03:34.296Z", "user": 1, "content_type": 2, "object_id": "12", "object_repr": "ььььььь", "action_flag": 3, "change_message": ""}}, {"model": "admin.logentry", "pk": 99, "fields": {"action_time": "2021-04-22T00:03:34.303Z", "user": 1, "content_type": 2, "object_id": "11", "object_repr": "првпвввджжж", "action_flag": 3, "change_message": ""}}, {"model": "admin.logentry", "pk": 100, "fields": {"action_time": "2021-04-22T00:03:34.309Z", "user": 1, "content_type": 2, "object_id": "10", "object_repr": "прырырыр", "action_flag": 3, "change_message": ""}}, {"model": "admin.logentry", "pk": 101, "fields": {"action_time": "2021-04-22T00:03:34.315Z", "user": 1, "content_type": 2, "object_id": "9", "object_repr": "авпфпфйфф", "action_flag": 3, "change_message": ""}}, {"model": "admin.logentry", "pk": 102, "fields": {"action_time": "2021-04-22T00:03:34.321Z", "user": 1, "content_type": 2, "object_id": "8", "object_repr": "аывпырачмс", "action_flag": 3, "change_message": ""}}, {"model": "admin.logentry", "pk": 103, "fields": {"action_time": "2021-04-22T00:03:34.328Z", "user": 1, "content_type": 2, "object_id": "7", "object_repr": "вфыафав", "action_flag": 3, "change_message": ""}}, {"model": "admin.logentry", "pk": 104, "fields": {"action_time": "2021-04-22T00:03:34.335Z", "user": 1, "content_type": 2, "object_id": "6", "object_repr": "фыва", "action_flag": 3, "change_message": ""}}, {"model": "admin.logentry", "pk": 105, "fields": {"action_time": "2021-04-22T00:03:34.340Z", "user": 1, "content_type": 2, "object_id": "4", "object_repr": "Терминатор 3", "action_flag": 3, "change_message": ""}}, {"model": "admin.logentry", "pk": 106, "fields": {"action_time": "2021-04-22T00:03:34.346Z", "user": 1, "content_type": 2, "object_id": "3", "object_repr": "Терминатор 2", "action_flag": 3, "change_message": ""}}, {"model": "admin.logentry", "pk": 107, "fields": {"action_time": "2021-04-22T00:03:34.352Z", "user": 1, "content_type": 2, "object_id": "2", "object_repr": "TEST", "action_flag": 3, "change_message": ""}}, {"model": "admin.logentry", "pk": 108, "fields": {"action_time": "2021-04-22T00:03:34.358Z", "user": 1, "content_type": 2, "object_id": "1", "object_repr": "Манчестер Юнайтед", "action_flag": 3, "change_message": ""}}, {"model": "admin.logentry", "pk": 109, "fields": {"action_time": "2021-04-22T00:13:08.498Z", "user": 1, "content_type": 2, "object_id": "29", "object_repr": "Хакерская группировка REvil украла разработки Apple и требует выкуп в 50 млн долларов", "action_flag": 3, "change_message": ""}}, {"model": "admin.logentry", "pk": 110, "fields": {"action_time": "2021-04-22T00:13:22.347Z", "user": 1, "content_type": 2, "object_id": "28", "object_repr": "Хакерская группировка REvil украла разработки Apple и требует выкуп в 50 млн долларов", "action_flag": 3, "change_message": ""}}, {"model": "auth.permission", "pk": 1, "fields": {"name": "Can add tag", "content_type": 1, "codename": "add_tag"}}, {"model": "auth.permission", "pk": 2, "fields": {"name": "Can change tag", "content_type": 1, "codename": "change_tag"}}, {"model": "auth.permission", "pk": 3, "fields": {"name": "Can delete tag", "content_type": 1, "codename": "delete_tag"}}, {"model": "auth.permission", "pk": 4, "fields": {"name": "Can view tag", "content_type": 1, "codename": "view_tag"}}, {"model": "auth.permission", "pk": 5, "fields": {"name": "Can add post", "content_type": 2, "codename": "add_post"}}, {"model": "auth.permission", "pk": 6, "fields": {"name": "Can change post", "content_type": 2, "codename": "change_post"}}, {"model": "auth.permission", "pk": 7, "fields": {"name": "Can delete post", "content_type": 2, "codename": "delete_post"}}, {"model": "auth.permission", "pk": 8, "fields": {"name": "Can view post", "content_type": 2, "codename": "view_post"}}, {"model": "auth.permission", "pk": 9, "fields": {"name": "Can add comment", "content_type": 3, "codename": "add_comment"}}, {"model": "auth.permission", "pk": 10, "fields": {"name": "Can change comment", "content_type": 3, "codename": "change_comment"}}, {"model": "auth.permission", "pk": 11, "fields": {"name": "Can delete comment", "content_type": 3, "codename": "delete_comment"}}, {"model": "auth.permission", "pk": 12, "fields": {"name": "Can view comment", "content_type": 3, "codename": "view_comment"}}, {"model": "auth.permission", "pk": 13, "fields": {"name": "Can add log entry", "content_type": 4, "codename": "add_logentry"}}, {"model": "auth.permission", "pk": 14, "fields": {"name": "Can change log entry", "content_type": 4, "codename": "change_logentry"}}, {"model": "auth.permission", "pk": 15, "fields": {"name": "Can delete log entry", "content_type": 4, "codename": "delete_logentry"}}, {"model": "auth.permission", "pk": 16, "fields": {"name": "Can view log entry", "content_type": 4, "codename": "view_logentry"}}, {"model": "auth.permission", "pk": 17, "fields": {"name": "Can add permission", "content_type": 5, "codename": "add_permission"}}, {"model": "auth.permission", "pk": 18, "fields": {"name": "Can change permission", "content_type": 5, "codename": "change_permission"}}, {"model": "auth.permission", "pk": 19, "fields": {"name": "Can delete permission", "content_type": 5, "codename": "delete_permission"}}, {"model": "auth.permission", "pk": 20, "fields": {"name": "Can view permission", "content_type": 5, "codename": "view_permission"}}, {"model": "auth.permission", "pk": 21, "fields": {"name": "Can add group", "content_type": 6, "codename": "add_group"}}, {"model": "auth.permission", "pk": 22, "fields": {"name": "Can change group", "content_type": 6, "codename": "change_group"}}, {"model": "auth.permission", "pk": 23, "fields": {"name": "Can delete group", "content_type": 6, "codename": "delete_group"}}, {"model": "auth.permission", "pk": 24, "fields": {"name": "Can view group", "content_type": 6, "codename": "view_group"}}, {"model": "auth.permission", "pk": 25, "fields": {"name": "Can add user", "content_type": 7, "codename": "add_user"}}, {"model": "auth.permission", "pk": 26, "fields": {"name": "Can change user", "content_type": 7, "codename": "change_user"}}, {"model": "auth.permission", "pk": 27, "fields": {"name": "Can delete user", "content_type": 7, "codename": "delete_user"}}, {"model": "auth.permission", "pk": 28, "fields": {"name": "Can view user", "content_type": 7, "codename": "view_user"}}, {"model": "auth.permission", "pk": 29, "fields": {"name": "Can add content type", "content_type": 8, "codename": "add_contenttype"}}, {"model": "auth.permission", "pk": 30, "fields": {"name": "Can change content type", "content_type": 8, "codename": "change_contenttype"}}, {"model": "auth.permission", "pk": 31, "fields": {"name": "Can delete content type", "content_type": 8, "codename": "delete_contenttype"}}, {"model": "auth.permission", "pk": 32, "fields": {"name": "Can view content type", "content_type": 8, "codename": "view_contenttype"}}, {"model": "auth.permission", "pk": 33, "fields": {"name": "Can add session", "content_type": 9, "codename": "add_session"}}, {"model": "auth.permission", "pk": 34, "fields": {"name": "Can change session", "content_type": 9, "codename": "change_session"}}, {"model": "auth.permission", "pk": 35, "fields": {"name": "Can delete session", "content_type": 9, "codename": "delete_session"}}, {"model": "auth.permission", "pk": 36, "fields": {"name": "Can view session", "content_type": 9, "codename": "view_session"}}, {"model": "auth.user", "pk": 1, "fields": {"password": "pbkdf2_sha256$260000$At2dv3oz3CYMYnUMn0Lg7z$DcrJQSpkq93d+zFJjWDlGuIYwtJ9D9cN37TnUnrcjzg=", "last_login": "2021-04-20T21:46:05.299Z", "is_superuser": true, "username": "admin", "first_name": "", "last_name": "", "email": "", "is_staff": true, "is_active": true, "date_joined": "2021-04-20T21:45:46.183Z", "groups": [], "user_permissions": []}}, {"model": "contenttypes.contenttype", "pk": 1, "fields": {"app_label": "posts", "model": "tag"}}, {"model": "contenttypes.contenttype", "pk": 2, "fields": {"app_label": "posts", "model": "post"}}, {"model": "contenttypes.contenttype", "pk": 3, "fields": {"app_label": "posts", "model": "comment"}}, {"model": "contenttypes.contenttype", "pk": 4, "fields": {"app_label": "admin", "model": "logentry"}}, {"model": "contenttypes.contenttype", "pk": 5, "fields": {"app_label": "auth", "model": "permission"}}, {"model": "contenttypes.contenttype", "pk": 6, "fields": {"app_label": "auth", "model": "group"}}, {"model": "contenttypes.contenttype", "pk": 7, "fields": {"app_label": "auth", "model": "user"}}, {"model": "contenttypes.contenttype", "pk": 8, "fields": {"app_label": "contenttypes", "model": "contenttype"}}, {"model": "contenttypes.contenttype", "pk": 9, "fields": {"app_label": "sessions", "model": "session"}}, {"model": "sessions.session", "pk": "b4zv2l0vprmnz28yhlcrhmti61j7bp6d", "fields": {"session_data": ".eJxVjEEOwiAQRe_C2pAyDkNx6d4zEJihUjU0Ke3KeHfbpAvd_vfef6sQ16WEteU5jKIuyqjT75YiP3PdgTxivU-ap7rMY9K7og_a9G2S_Loe7t9Bia1sdUbs2IuJZImsAzMQC9rkiAE8Rs_Y5-5MG-_BW2TPICQ0ODTgTVKfL8V8NvU:1lYyC5:0zy6CSBmMVOJShHJ8c10BuAeO0niDJKuYL-uUQ0I6p8", "expire_date": "2021-05-04T21:46:05.314Z"}}]